[
  { "DepartmentID": 101, "DepartmentName": "Engineering", "Location": "Building A" },
  { "DepartmentID": 102, "DepartmentName": "Data Science", "Location": "Building B" },
  { "DepartmentID": 103, "DepartmentName": "Product Management", "Location": "Building C" },
  { "DepartmentID": 104, "DepartmentName": "Design", "Location": "Building A" },
  { "DepartmentID": 105, "DepartmentName": "IT Operations", "Location": "Building D" },
  { "DepartmentID": 106, "DepartmentName": "Marketing", "Location": "Building E" },
  { "DepartmentID": 107, "DepartmentName": "Sales", "Location": "Building F" },
  { "DepartmentID": 108, "DepartmentName": "Finance", "Location": "Building G" },
  { "DepartmentID": 109, "DepartmentName": "Human Resources", "Location": "Building H" },
  { "DepartmentID": 110, "DepartmentName": "Research & Development", "Location": "Building I" },
  { "DepartmentID": 111, "DepartmentName": "Customer Support", "Location": "Building J" },
  { "DepartmentID": 112, "DepartmentName": "Legal", "Location": "Building K" },
  { "DepartmentID": 113, "DepartmentName": "Quality Assurance", "Location": "Building L" },
  { "DepartmentID": 114, "DepartmentName": "Supply Chain", "Location": "Building M" },
  { "DepartmentID": 115, "DepartmentName": "Logistics", "Location": "Building D" },
  { "DepartmentID": 116, "DepartmentName": "Public Relations", "Location": "Building E" },
  { "DepartmentID": 117, "DepartmentName": "Business Development", "Location": "Building F" },
  { "DepartmentID": 118, "DepartmentName": "Accounting", "Location": "Building G" },
  { "DepartmentID": 119, "DepartmentName": "Talent Acquisition", "Location": "Building H" },
  { "DepartmentID": 120, "DepartmentName": "Cloud Engineering", "Location": "Building I" },
  { "DepartmentID": 121, "DepartmentName": "DevOps", "Location": "Building D" },
  { "DepartmentID": 122, "DepartmentName": "UX Research", "Location": "Building A" },
  { "DepartmentID": 123, "DepartmentName": "Backend Development", "Location": "Building B" },
  { "DepartmentID": 124, "DepartmentName": "Frontend Development", "Location": "Building A" },
  { "DepartmentID": 125, "DepartmentName": "Content Marketing", "Location": "Building E" },
  { "DepartmentID": 126, "DepartmentName": "Field Sales", "Location": "Building F" },
  { "DepartmentID": 127, "DepartmentName": "Internal Audit", "Location": "Building G" },
  { "DepartmentID": 128, "DepartmentName": "Compensation & Benefits", "Location": "Building H" },
  { "DepartmentID": 129, "DepartmentName": "Network Operations", "Location": "Building D" },
  { "DepartmentID": 130, "DepartmentName": "Strategic Planning", "Location": "Building C" },
  { "DepartmentID": 131, "DepartmentName": "Data Analytics", "Location": "Building B" },
  { "DepartmentID": 132, "DepartmentName": "Brand Management", "Location": "Building E" },
  { "DepartmentID": 133, "DepartmentName": "Sales Operations", "Location": "Building F" },
  { "DepartmentID": 134, "DepartmentName": "Financial Planning", "Location": "Building G" },
  { "DepartmentID": 135, "DepartmentName": "Employee Relations", "Location": "Building H" },
  { "DepartmentID": 136, "DepartmentName": "Information Security", "Location": "Building I" },
  { "DepartmentID": 137, "DepartmentName": "Infrastructure", "Location": "Building D" },
  { "DepartmentID": 138, "DepartmentName": "Product Design", "Location": "Building A" },
  { "DepartmentID": 139, "DepartmentName": "Machine Learning", "Location": "Building B" },
  { "DepartmentID": 140, "DepartmentName": "Digital Advertising", "Location": "Building E" },
  { "DepartmentID": 141, "DepartmentName": "Customer Success", "Location": "Building F" },
  { "DepartmentID": 142, "DepartmentName": "Treasury", "Location": "Building G" },
  { "DepartmentID": 143, "DepartmentName": "Learning & Development", "Location": "Building H" },
  { "DepartmentID": 144, "DepartmentName": "Help Desk", "Location": "Building D" },
  { "DepartmentID": 145, "DepartmentName": "Mobile Development", "Location": "Building A" },
  { "DepartmentID": 146, "DepartmentName": "Market Research", "Location": "Building E" },
  { "DepartmentID": 147, "DepartmentName": "Channel Sales", "Location": "Building F" },
  { "DepartmentID": 148, "DepartmentName": "Risk Management", "Location": "Building G" },
  { "DepartmentID": 149, "DepartmentName": "Workforce Planning", "Location": "Building H" },
  { "DepartmentID": 150, "DepartmentName": "Site Reliability Eng", "Location": "Building I" },
  { "DepartmentID": 151, "DepartmentName": "Quality Control", "Location": "Building L" },
  { "DepartmentID": 152, "DepartmentName": "Procurement", "Location": "Building M" },
  { "DepartmentID": 153, "DepartmentName": "Fleet Management", "Location": "Building D" },
  { "DepartmentID": 154, "DepartmentName": "Communications", "Location": "Building E" },
  { "DepartmentID": 155, "DepartmentName": "Sales Enablement", "Location": "Building F" },
  { "DepartmentID": 156, "DepartmentName": "Budgeting", "Location": "Building G" },
  { "DepartmentID": 157, "DepartmentName": "Onboarding", "Location": "Building H" },
  { "DepartmentID": 158, "DepartmentName": "Systems Engineering", "Location": "Building I" },
  { "DepartmentID": 159, "DepartmentName": "Game Development", "Location": "Building A" },
  { "DepartmentID": 160, "DepartmentName": "SEO", "Location": "Building E" },
  { "DepartmentID": 161, "DepartmentName": "Key Account Management", "Location": "Building F" },
  { "DepartmentID": 162, "DepartmentName": "Tax", "Location": "Building G" },
  { "DepartmentID": 163, "DepartmentName": "Diversity & Inclusion", "Location": "Building H" },
  { "DepartmentID": 164, "DepartmentName": "Cloud Operations", "Location": "Building I" },
  { "DepartmentID": 165, "DepartmentName": "Data Governance", "Location": "Building B" },
  { "DepartmentID": 166, "DepartmentName": "E-commerce Marketing", "Location": "Building E" },
  { "DepartmentID": 167, "DepartmentName": "Retail Sales", "Location": "Building F" },
  { "DepartmentID": 168, "DepartmentName": "Corporate Finance", "Location": "Building G" },
  { "DepartmentID": 169, "DepartmentName": "Employee Engagement", "Location": "Building H" },
  { "DepartmentID": 170, "DepartmentName": "Solution Architecture", "Location": "Building I" },
  { "DepartmentID": 171, "DepartmentName": "AR/VR Development", "Location": "Building A" },
  { "DepartmentID": 172, "DepartmentName": "PR & Media Relations", "Location": "Building E" },
  { "DepartmentID": 173, "DepartmentName": "Partnerships", "Location": "Building F" },
  { "DepartmentID": 174, "DepartmentName": "Compliance", "Location": "Building K" },
  { "DepartmentID": 175, "DepartmentName": "Compensation Analytics", "Location": "Building H" },
  { "DepartmentID": 176, "DepartmentName": "Network Security", "Location": "Building D" },
  { "DepartmentID": 177, "DepartmentName": "Software Architecture", "Location": "Building A" },
  { "DepartmentID": 178, "DepartmentName": "Growth Marketing", "Location": "Building E" },
  { "DepartmentID": 179, "DepartmentName": "Sales Strategy", "Location": "Building F" },
  { "DepartmentID": 180, "DepartmentName": "Forecasting", "Location": "Building G" },
  { "DepartmentID": 181, "DepartmentName": "Talent Development", "Location": "Building H" },
  { "DepartmentID": 182, "DepartmentName": "DevOps Automation", "Location": "Building I" },
  { "DepartmentID": 183, "DepartmentName": "Mobile UX", "Location": "Building A" },
  { "DepartmentID": 184, "DepartmentName": "Data Visualization", "Location": "Building B" },
  { "DepartmentID": 185, "DepartmentName": "Product Analytics", "Location": "Building C" },
  { "DepartmentID": 186, "DepartmentName": "Content Strategy", "Location": "Building E" },
  { "DepartmentID": 187, "DepartmentName": "Customer Retention", "Location": "Building F" },
  { "DepartmentID": 188, "DepartmentName": "Investment Relations", "Location": "Building G" },
  { "DepartmentID": 189, "DepartmentName": "Recruitment Operations", "Location": "Building H" },
  { "DepartmentID": 190, "DepartmentName": "System Architecture", "Location": "Building I" },
  { "DepartmentID": 191, "DepartmentName": "Database Development", "Location": "Building B" },
  { "DepartmentID": 192, "DepartmentName": "Cloud Security", "Location": "Building I" },
  { "DepartmentID": 193, "DepartmentName": "Product Launch", "Location": "Building C" },
  { "DepartmentID": 194, "DepartmentName": "UI Development", "Location": "Building A" },
  { "DepartmentID": 195, "DepartmentName": "Data Warehousing", "Location": "Building B" },
  { "DepartmentID": 196, "DepartmentName": "Performance Marketing", "Location": "Building E" },
  { "DepartmentID": 197, "DepartmentName": "Account Management", "Location": "Building F" },
  { "DepartmentID": 198, "DepartmentName": "Financial Reporting", "Location": "Building G" },
  { "DepartmentID": 199, "DepartmentName": "HRIS", "Location": "Building H" },
  { "DepartmentID": 200, "DepartmentName": "Technical Support", "Location": "Building J" }
]
