EmployeeID,FirstName,LastName,Email,PhoneNumber,HireDate,JobTitle,Salary,DepartmentID
1,John,Doe,john.doe@example.com,555-1001,2020-01-15,Software Engineer,75000,101
2,Jane,Smith,jane.smith@example.com,555-1002,2019-03-20,Data Analyst,60000,102
3,Peter,Jones,peter.jones@example.com,555-1003,2021-06-01,Project Manager,90000,103
4,Alice,Williams,alice.w@example.com,555-1004,2018-11-10,UX Designer,70000,104
5,Bob,Brown,bob.b@example.com,555-1005,2022-02-28,QA Tester,55000,101
6,Charlie,Davis,charlie.d@example.com,555-1006,2017-09-05,DevOps Engineer,85000,105
7,Diana,Miller,diana.m@example.com,555-1007,2020-04-12,Product Owner,95000,103
8,Eve,Wilson,eve.w@example.com,555-1008,2023-01-01,Marketing Specialist,62000,106
9,Frank,Moore,frank.m@example.com,555-1009,2016-07-22,Sales Representative,68000,107
10,Grace,Taylor,grace.t@example.com,555-1010,2021-08-18,Accountant,72000,108
11,Henry,Anderson,henry.a@example.com,555-1011,2019-05-30,HR Manager,80000,109
12,Ivy,Thomas,ivy.t@example.com,555-1012,2022-07-11,Support Engineer,60000,105
13,Jack,Jackson,jack.j@example.com,555-1013,2018-02-25,Data Scientist,92000,102
14,Karen,White,karen.w@example.com,555-1014,2020-09-03,Business Analyst,78000,103
15,Liam,Harris,liam.h@example.com,555-1015,2023-04-19,Content Creator,58000,106
16,Mia,Martin,mia.m@example.com,555-1016,2017-12-08,Sales Manager,100000,107
17,Noah,Garcia,noah.g@example.com,555-1017,2021-10-01,Financial Analyst,70000,108
18,Olivia,Rodriguez,olivia.r@example.com,555-1018,2019-01-01,Recruiter,65000,109
19,Paul,Martinez,paul.m@example.com,555-1019,2022-09-15,Cloud Architect,110000,105
20,Quinn,Hernandez,quinn.h@example.com,555-1020,2020-02-14,SCRUM Master,88000,103
21,Rachel,Lopez,rachel.l@example.com,555-1021,2018-04-05,Social Media Manager,60000,106
22,Sam,Gonzalez,sam.g@example.com,555-1022,2016-01-20,Field Sales,65000,107
23,Tina,Perez,tina.p@example.com,555-1023,2021-03-10,Bookkeeper,55000,108
24,Uma,Sanchez,uma.s@example.com,555-1024,2019-07-01,Learning & Dev Spec,70000,109
25,Victor,Ramirez,victor.r@example.com,555-1025,2022-05-02,Network Engineer,80000,105
26,Wendy,Torres,wendy.t@example.com,555-1026,2020-11-20,UX Researcher,75000,104
27,Xavier,Flores,xavier.f@example.com,555-1027,2018-09-12,Backend Developer,82000,101
28,Yara,Rivera,yara.r@example.com,555-1028,2023-02-01,Content Strategist,65000,106
29,Zack,Gomez,zack.g@example.com,555-1029,2017-04-15,Sales Engineer,95000,107
30,Anna,Diaz,anna.d@example.com,555-1030,2021-01-01,Auditor,78000,108
31,Ben,Cruz,ben.c@example.com,555-1031,2019-10-08,Payroll Specialist,60000,109
32,Cathy,Reyes,cathy.r@example.com,555-1032,2022-03-01,Database Administrator,85000,102
33,Dan,Morales,dan.m@example.com,555-1033,2020-06-17,Scrum Master,88000,103
34,Ella,Ortiz,ella.o@example.com,555-1034,2018-07-29,Graphic Designer,68000,104
35,Fred,Alvarez,fred.a@example.com,555-1035,2023-03-10,Junior Developer,60000,101
36,Gina,Jimenez,gina.j@example.com,555-1036,2017-01-05,Technical Writer,62000,106
37,Hal,Ruiz,hal.r@example.com,555-1037,2021-05-22,Regional Sales Manager,120000,107
38,Ina,Garcia,ina.g@example.com,555-1038,2019-11-11,Tax Specialist,75000,108
39,Joe,Herrera,joe.h@example.com,555-1039,2022-06-01,Employee Relations,70000,109
40,Kim,Acosta,kim.a@example.com,555-1040,2020-08-01,Security Engineer,90000,105
41,Leo,Delgado,leo.d@example.com,555-1041,2018-03-15,Frontend Developer,78000,101
42,Mona,Vargas,mona.v@example.com,555-1042,2023-05-01,Digital Marketing,68000,106
43,Nick,Castañeda,nick.c@example.com,555-1043,2017-06-20,Sales Operations,72000,107
44,Ora,Chavez,ora.c@example.com,555-1044,2021-02-01,Financial Planner,80000,108
45,Pat,Guerrero,pat.g@example.com,555-1045,2019-09-09,Benefits Specialist,65000,109
46,Ray,Salazar,ray.s@example.com,555-1046,2022-04-12,Cloud Engineer,95000,105
47,Sue,Medina,sue.m@example.com,555-1047,2020-07-25,Product Manager,100000,103
48,Tom,Estrada,tom.e@example.com,555-1048,2018-10-01,UI Designer,72000,104
49,Ula,Vazquez,ula.v@example.com,555-1049,2023-06-15,Data Engineer,88000,102
50,Vince,Mejia,vince.m@example.com,555-1050,2017-02-10,SEO Specialist,63000,106
51,Will,Pena,will.p@example.com,555-1051,2021-04-01,Customer Success,60000,107
52,Xena,Ramos,xena.r@example.com,555-1052,2019-08-05,AR/AP Specialist,58000,108
53,Yumi,Navarro,yumi.n@example.com,555-1053,2022-01-20,HR Generalist,72000,109
54,Zane,Contreras,zane.c@example.com,555-1054,2020-03-10,System Administrator,78000,105
55,Anya,Castillo,anya.c@example.com,555-1055,2018-05-01,Full Stack Developer,85000,101
56,Brett,Santiago,brett.s@example.com,555-1056,2023-01-20,Copywriter,57000,106
57,Cora,Maldonado,cora.m@example.com,555-1057,2017-08-14,Inside Sales,67000,107
58,Drew,Vega,drew.v@example.com,555-1058,2021-07-01,Investment Analyst,82000,108
59,Eliza,León,eliza.l@example.com,555-1059,2019-12-01,Training Coordinator,68000,109
60,Finn,Rojas,finn.r@example.com,555-1060,2022-08-25,IT Support,58000,105
61,Gia,Guerrero,gia.g@example.com,555-1061,2020-05-18,QA Engineer,65000,101
62,Hugh,Mendoza,hugh.m@example.com,555-1062,2018-06-01,Data Engineer,80000,102
63,Iris,Castillo,iris.c@example.com,555-1063,2023-03-01,Product Marketing,70000,106
64,Josh,Vazquez,josh.v@example.com,555-1064,2017-03-22,Sales Development Rep,60000,107
65,Kate,Herrera,kate.h@example.com,555-1065,2021-09-05,Financial Controller,90000,108
66,Leo,Reyes,leo.r@example.com,555-1066,2019-04-10,HR Business Partner,85000,109
67,Mara,Morales,mara.m@example.com,555-1067,2022-07-01,Network Administrator,75000,105
68,Nate,Ortiz,nate.o@example.com,555-1068,2020-10-15,Dev Lead,100000,101
69,Opal,Alvarez,opal.a@example.com,555-1069,2018-08-20,UI Developer,70000,104
70,Paco,Jimenez,paco.j@example.com,555-1070,2023-04-05,Machine Learning Eng,98000,102
71,Rosa,Ruiz,rosa.r@example.com,555-1071,2017-05-01,Campaign Manager,70000,106
72,Sean,Diaz,sean.d@example.com,555-1072,2021-01-15,Account Executive,80000,107
73,Tess,Cruz,tess.c@example.com,555-1073,2019-06-28,Tax Accountant,70000,108
74,Uriel,Reyes,uriel.r@example.com,555-1074,2022-09-01,HR Coordinator,58000,109
75,Vera,Salazar,vera.s@example.com,555-1075,2020-04-01,IT Manager,105000,105
76,Walt,Medina,walt.m@example.com,555-1076,2018-11-05,Product Designer,78000,104
77,Zara,Estrada,zara.e@example.com,555-1077,2023-02-10,Software Architect,120000,101
78,Adam,Vargas,adam.v@example.com,555-1078,2017-07-18,Content Editor,60000,106
79,Beth,Chavez,beth.c@example.com,555-1079,2021-03-20,Sales Support,55000,107
80,Caleb,Guerrero,caleb.g@example.com,555-1080,2019-01-01,Finance Manager,110000,108
81,Dana,Navarro,dana.n@example.com,555-1081,2022-05-15,HR Director,125000,109
82,Evan,Contreras,evan.c@example.com,555-1082,2020-06-10,Cybersecurity Analyst,90000,105
83,Fiona,Castillo,fiona.c@example.com,555-1083,2018-01-01,Junior Data Analyst,55000,102
84,Gavin,Santiago,gavin.s@example.com,555-1084,2023-01-01,Marketing Analyst,60000,106
85,Holly,Maldonado,holly.m@example.com,555-1085,2017-09-01,Client Success Manager,85000,107
86,Ivan,Vega,ivan.v@example.com,555-1086,2021-08-01,Management Accountant,80000,108
87,Jana,León,jana.l@example.com,555-1087,2019-02-15,L&D Manager,90000,109
88,Kyle,Rojas,kyle.r@example.com,555-1088,2022-04-01,IT Architect,115000,105
89,Lana,Guerrero,lana.g@example.com,555-1089,2020-09-01,UX/UI Lead,95000,104
90,Mike,Mendoza,mike.m@example.com,555-1090,2018-04-22,Senior Data Engineer,100000,102
91,Nina,Castillo,nina.c@example.com,555-1091,2023-05-20,SEO Specialist,68000,106
92,Omar,Vazquez,omar.v@example.com,555-1092,2017-10-10,Sales Coach,92000,107
93,Paige,Herrera,paige.h@example.com,555-1093,2021-06-05,Treasury Analyst,78000,108
94,Rick,Reyes,rick.r@example.com,555-1094,2019-03-01,HR Systems Admin,70000,109
95,Sara,Morales,sara.m@example.com,555-1095,2022-02-01,DevOps Manager,110000,105
96,Troy,Ortiz,troy.o@example.com,555-1096,2020-07-12,Product Specialist,80000,103
97,Vicki,Alvarez,vicki.a@example.com,555-1097,2018-12-01,Backend Lead,105000,101
98,Will,Jimenez,will.j@example.com,555-1098,2023-06-01,Market Research Analyst,72000,106
99,Xenia,Diaz,xenia.d@example.com,555-1099,2017-01-01,Sales Director,150000,107
100,Yael,Cruz,yael.c@example.com,555-1100,2021-02-14,Chief Accountant,130000,108